IDs,Name,universal_BIGG_id,ModelSEED_id,abbreviation_ModelSEED
hnu_h,Photon,,,
PQ_h,Oxidized plastoquinone,M_pq_h,,
H2O_h,"H2O, water",M_h2o_h,cpd00001,h2o
H_h,"H+, proton",M_h_h,cpd00067,h
PQH2_h,Reduced plastoquinone,M_pqh2_h,,
O2_h,"O2, oxygen",M_o2_h,cpd00007,o2
H_l,"H+, proton",M_h_l,cpd00067,h
PCox_h,Oxidized plastocyanin,,,
PCrd_h,Reduced plastocyanin,,,
Fdox_h,Oxidized ferredoxin,M_fdox_h,cpd15876,fdox
Fdrd_h,Reduced ferredoxin,,,
NADP_h,Nicotinamide adenine dinucleotide phosphate,M_nadp_h,cpd00006,nadp
NADPH_h,Nicotinamide adenine dinucleotide phosphate - reduced,M_nadph_h,cpd00005,nadph
ADP_h,Adenosine diphosphate,M_adp_h,cpd00008,adp
Pi_h,Orthophosphate,M_pi_h,cpd00009,pi
ATP_h,Adenosine triphosphate,M_atp_h,cpd00002,atp
RuBP_h,"Ribulose 1,5-bisphosphate",,,
CO2_h,"CO2, carbon dioxide",M_co2_h,cpd00011,co2
PGA_h,3-Phosphoglycerate,,,
DPGA_h,3-Phospho-D-glyceroyl phosphate,,,
GAP_h,Glyceraldehyde 3-phosphate,,,
DHAP_h,Dihydroxyacetone phosphate,M_dhap_h,cpd00095,dhap
FBP_h,"Fructose 1,6-bisphosphate",,,
F6P_h,Fructose 6-phosphate,M_f6p_h,cpd00072,f6p
E4P_h,Erythrose 4-phosphate,M_e4p_h,cpd00236,e4p
X5P_h,Xylulose 5-phosphate,,,
SBP_h,"Sedoheptulose 1,7-bisphosphate",,,
S7P_h,Sedoheptulose 7-phosphate,M_s7p_h,cpd00238,s7p
R5P_h,Ribose 5-phosphate,M_r5p_h,cpd00101,r5p
Ru5P_h,Ribulose 5-phosphate,,,
G6P_h,Glucose 6-phosphate,M_g6p_h,cpd00079,g6p
G1P_h,Glucose 1-phosphate,M_g1p_h,cpd00089,g1p
ADPG_h,ADP-Glucose,,,
PPi_h,"Diphosphate, Pyrophosphate",M_ppi_h,cpd00012,ppi
starch1_h,"Starch, X+1 glucose units",,,
starch2_h,"Starch, X+2 glucose units",,,
starch3_h,"Starch, X+3 glucose units",,,
starch5_h,"Starch, X+5 glucose units",,,
Mas_h,Maltose,,,
Glc_h,Glucose,,,
starch1_c,"Starch, X+1 glucose units",,,
Mas_c,Maltose,M_mas_c,,
starch2_c,"Starch, X+2 glucose units",,,
Glc_c,Glucose,,,
ATP_c,Adenosine triphosphate,M_atp_c,cpd00002,atp
G6P_c,Glucose 6-phosphate,M_g6p_c,cpd00079,g6p
ADP_c,Adenosine diphosphate,M_adp_c,cpd00008,adp
H_c,"H+, proton",M_h_c,cpd00067,h
Na_c,Na+ ion,,,
Na_h,Na+ ion,,,
Pi_c,Orthophosphate,M_pi_c,cpd00009,pi
G1P_c,Glucose 1-phosphate,M_g1p_c,cpd00089,g1p
GAP_c,Glyceraldehyde 3-phosphate,,,
DHAP_c,Dihydroxyacetone phosphate,M_dhap_c,cpd00095,dhap
FBP_c,"Fructose 1,6-bisphosphate",,,
H2O_c,"H2O, water",M_h2o_c,cpd00001,h2o
F6P_c,Fructose 6-phosphate,M_f6p_c,cpd00072,f6p
F26BP_c,"Fructose 2,6-bisphosphate",M_f26bp_c,cpd00503,f26bp
UTP_c,Uridine triphosphate,M_utp_c,cpd00062,utp
UDPG_c,UDP-Glucose,M_udpg_c,cpd00026,udpg
PPi_c,"Diphosphate, Pyrophosphate",M_ppi_c,cpd00012,ppi
S6P_c,Sucrose-6-phosphate,,,
UDP_c,Uridine diphosphate,M_udp_c,cpd00014,udp
Suc_c,Sucrose,,,
Frc_c,Fructose,,,
T6P_c,Trehalose 6-phosphate,,,
Tre_c,Trehalose,M_tre_c,cpd00794,tre
cellulose1_c,"Cellulose, 1 repeat units",,,
cellulose2_c,"Cellulose, 2 repeat units",,,
cellulose3_c,"Cellulose, 3 repeat units",,,
Mal_c,Malate,,,
NAD_c,Nicotinamide adenine dinucleotide,M_nad_c,cpd00003,nad
OAA_c,Oxaloacetate,M_oaa_c,cpd00032,oaa
NADH_c,Nicotinamide adenine dinucleotide - reduced,M_nadh_c,cpd00004,nadh
PEP_c,Phosphoenolpyruvate,M_pep_c,cpd00061,pep
CO2_c,"CO2, carbon dioxide",M_co2_c,cpd00011,co2
HCO3_c,Bicarbonate,M_hco3_c,cpd00242,hco3
2PGA_c,2-Phosphoglycerate ,,,
PGA_c,3-Phosphoglycerate,,,
DPGA_c,3-Phospho-D-glyceroyl phosphate,,,
NADP_c,Nicotinamide adenine dinucleotide phosphate,M_nadp_c,cpd00006,nadp
NADPH_c,Nicotinamide adenine dinucleotide phosphate - reduced,M_nadph_c,cpd00005,nadph
NAD_h,Nicotinamide adenine dinucleotide,M_nad_h,cpd00003,nad
NADH_h,Nicotinamide adenine dinucleotide - reduced,M_nadh_h,cpd00004,nadh
2PGA_h,2-Phosphoglycerate ,,,
PEP_h,Phosphoenolpyruvate,M_pep_h,cpd00061,pep
Pyr_c,Pyruvate,M_pyr_c,cpd00020,pyr
Pyr_h,Pyruvate,M_pyr_h,cpd00020,pyr
Pyr_m,Pyruvate,M_pyr_m,cpd00020,pyr
ThPP_m,"ThPP, Thiamine pyrophosphate",,,
H_m,"H+, proton",M_h_m,cpd00067,h
H_DASH_Eth_DASH_ThPP_m,2-(alpha-Hydroxyethyl)thiamine diphosphate,,,
CO2_m,"CO2, carbon dioxide",M_co2_m,cpd00011,co2
LPA_m,Lipoamide,,,
A_DASH_DHL_m,Acetyldihydrolipoamide,,,
CoA_m,Coenzyme A,M_coa_m,cpd00010,coa
A_DASH_CoA_m,Acetyl-Coenzyme A,,,
DHL_m,Dihydrolipoamide,,,
NAD_m,Nicotinamide adenine dinucleotide,M_nad_m,cpd00003,nad
NADH_m,Nicotinamide adenine dinucleotide - reduced,M_nadh_m,cpd00004,nadh
OAA_m,Oxaloacetate,M_oaa_m,cpd00032,oaa
H2O_m,"H2O, water",M_h2o_m,cpd00001,h2o
Cit_m,Citrate,M_cit_m,cpd00137,cit
cACN_m,cis-Aconitate,,,
iCit_m,Isocitrate,M_icit_m,cpd00260,icit
KG_m,"alpha-Ketoglutarate, 2-Oxoglutarate",,,
S_DASH_DHL_m,Succinyldihydrolipoamide,,,
S_DASH_CoA_m,Succinyl-CoA,,,
ADP_m,Adenosine diphosphate,M_adp_m,cpd00008,adp
Pi_m,Orthophosphate,M_pi_m,cpd00009,pi
SCA_m,Succinate,,,
ATP_m,Adenosine triphosphate,M_atp_m,cpd00002,atp
Q_m,Ubiquinone,,cpd11669,q
Fum_m,Fumarate,M_fum_m,cpd00106,fum
QH2_m,Ubiquinol,,cpd11665,qh2
Mal_m,Malate,,,
H_i,"H+, proton",M_h_i,cpd00067,h
Cytcox_m,Oxidized cytochrome c,,,
Cytcrd_m,Reduced cytochrome c,,,
O2_m,"O2, oxygen",M_o2_m,cpd00007,o2
PGCA_h,2-Phosphoglycolate,,,
GCA_h,Glycolate,,,
GCA_p,Glycolate,,,
O2_p,"O2, oxygen",M_o2_p,cpd00007,o2
GLX_p,Glyoxylate,,cpd00040,glx
H2O2_p,Hydrogen peroxide,M_h2o2_p,cpd00025,h2o2
H2O_p,"H2O, water",M_h2o_p,cpd00001,h2o
Glu_p,Glutamate,,,
Gly_p,Glycine,M_gly_p,cpd00033,gly
KG_p,"alpha-Ketoglutarate, 2-Oxoglutarate",,,
Gly_m,Glycine,M_gly_m,cpd00033,gly
LPL_m,Lipoylprotein,,,
amDHP_m,Aminomethyldihydrolipoylprotein,,,
THF_m,"5,6,7,8-Tetrahydrofolate",M_thf_m,cpd00087,thf
DHP_m,Dihydrolipolprotein,,,
M_DASH_THF_m,"5,10-Methylenetetrahydrofolate",,,
NH4_m,Ammonia,M_nh4_m,cpd00013,nh4
Ser_m,Serine,,,
Ser_p,Serine,,,
HPR_p,Hydroxypyruvate,,,
NADH_p,Nicotinamide adenine dinucleotide - reduced,,cpd00004,nadh
H_p,"H+, proton",M_h_p,cpd00067,h
GCEA_p,Glycerate,,,
NAD_p,Nicotinamide adenine dinucleotide,,cpd00003,nad
Mal_p,Malate,,,
OAA_p,Oxaloacetate,M_oaa_p,cpd00032,oaa
GCEA_h,Glycerate,,,
GLP_h,Glucono-delta-lactone-6-phosphate,,cpd12002,glp
6PG_h,6-Phospho-D-gluconate,,,
DAHP_h,3-Deoxy-D-arabino-heptulosonate-7-phosphate,,,
DHQ_h,3-Dehydroquinate,,,
DHS_h,3-Dehydroshikimate,,,
SA_h,Shikimate,,,
S3P_h,Shikimate 3-phosphate,,,
EPSP_h,5-Enolpyruvyl-shikimate-3-phosphate,,,
CHR_h,Chorismate,,,
PRPP_h,5-Phosphoribosyl 1-pyrophosphate,M_prpp_h,cpd00103,prpp
AMP_h,Adenosine 5-phosphate,M_amp_h,cpd00018,amp
Mal_h,Malate,,,
OAA_h,Oxaloacetate,M_oaa_h,cpd00032,oaa
NADPH_m,Nicotinamide adenine dinucleotide phosphate - reduced,M_nadph_m,cpd00005,nadph
NADP_m,Nicotinamide adenine dinucleotide phosphate,M_nadp_m,cpd00006,nadp
A_DASH_CoA_c,Acetyl-Coenzyme A,,,
Cit_c,Citrate,M_cit_c,cpd00137,cit
CoA_c,Coenzyme A,M_coa_c,cpd00010,coa
A_DASH_CoA_h,Acetyl-Coenzyme A,,,
Cit_h,Citrate,,cpd00137,cit
CoA_h,Coenzyme A,M_coa_h,cpd00010,coa
cACN_c,cis-Aconitate,,,
cACN_h,cis-Aconitate,,,
iCit_c,Isocitrate,M_icit_c,cpd00260,icit
iCit_p,Isocitrate,M_icit_p,cpd00260,icit
iCit_h,Isocitrate,M_icit_h,cpd00260,icit
KG_c,"alpha-Ketoglutarate, 2-Oxoglutarate",,,
KG_h,"alpha-Ketoglutarate, 2-Oxoglutarate",,,
SCA_c,Succinate,,,
SCA_p,Succinate,,,
AC_h,Acetate,M_ac_h,cpd00029,ac
HCO3_h,Bicarbonate,M_hco3_h,cpd00242,hco3
M_DASH_CoA_h,Malonyl-Coenzyme A,,,
ACP_h,Acyl-carrier protein,,,
M_DASH_ACP_h,Malonyl-acyl-carrier-protein,,,
For_h,Formate,M_for_h,cpd00047,for
THF_h,"5,6,7,8-Tetrahydrofolate",M_thf_h,cpd00087,thf
F_DASH_THF_h,10-Formyltetrahydrofolate,,,
DHF_c,Dihydrofolate,M_dhf_c,cpd00330,dhf
THF_c,"5,6,7,8-Tetrahydrofolate",M_thf_c,cpd00087,thf
TRXox_c,Oxidized thioredoxin,,,
TRXrd_c,Reduced thioredoxin,,,
ADN_c,Adenosine,M_adn_c,cpd00182,adn
AMP_c,Adenosine 5-phosphate,M_amp_c,cpd00018,amp
Rib_c,Ribose,,,
AD_c,Adenine,M_ad_c,cpd03734,ad
PRPP_c,5-Phosphoribosyl 1-pyrophosphate,M_prpp_c,cpd00103,prpp
Rib_h,Ribose,,,
NO3_c,Nitrate,M_no3_c,cpd00209,no3
NO2_c,Nitrite,M_no2_c,cpd00075,no2
NO2_h,Nitrite,M_no2_h,cpd00075,no2
NH4_h,Ammonia,M_nh4_h,cpd00013,nh4
SO4_h,Sulfate,M_so4_h,cpd00048,so4
SO4_m,Sulfate,M_so4_m,cpd00048,so4
APS_h,Adenosine 5-phosphosulfate,M_aps_h,cpd00193,aps
GSH_h,Glutathione,,,
SO3_h,Sulfite,M_so3_h,cpd00081,so3
GSSG_h,Glutathione disulfide,,,
H2S_h,Hydrogen sulfide,M_h2s_h,cpd00239,h2s
Glu_h,Glutamate,,,
Ala_h,Alanine,,,
Glu_m,Glutamate,,,
Ala_m,Alanine,,,
Pyr_p,Pyruvate,M_pyr_p,cpd00020,pyr
Ala_p,Alanine,,,
A_DASH_Glu_h,Acetylglutamate,,,
A_DASH_GluP_h,Acetylglutamate 5-phosphate,,,
A_DASH_Glu_DASH_SeA_h,Acetylglutamate 5-semialdehyde,,,
A_DASH_Orn_h,Acetylornithine,,,
Orn_h,Ornithine,M_orn_h,cpd00064,orn
Gln_h,Glutamine,,,
CBP_h,Carbamoyl phosphate,M_cbp_h,cpd00146,cbp
CTL_h,Citrulline,,,
Asp_h,Aspartate,,,
Arg_DASH_SCA_h,Argininosuccinate,,,
Arg_h,Arginine,,,
Fum_h,Fumarate,M_fum_h,cpd00106,fum
Fum_c,Fumarate,M_fum_c,cpd00106,fum
Gln_c,Glutamine,,,
Asp_c,Aspartate,,,
Glu_c,Glutamate,,,
Asn_c,Asparagine,,,
Asp_m,Aspartate,,,
Asp_p,Aspartate,,,
NH4_c,Ammonia,M_nh4_c,cpd00013,nh4
Ser_c,Serine,,,
A_DASH_Ser_c,O-Acetyl-L-serine,,,
Ser_h,Serine,,,
A_DASH_Ser_h,O-Acetyl-L-serine,,,
A_DASH_Ser_m,O-Acetyl-L-serine,,,
H2S_c,Hydrogen sulfide,M_h2s_c,cpd00239,h2s
Cys_c,Cysteine,,,
AC_c,Acetate,M_ac_c,cpd00029,ac
Cys_h,Cysteine,,,
H2S_m,Hydrogen sulfide,M_h2s_m,cpd00239,h2s
Cys_m,Cysteine,,,
AC_m,Acetate,M_ac_m,cpd00029,ac
GABA_c,"GABA, 4-Aminobutyrate",,,
GABA_m,"GABA, 4-Aminobutyrate",,,
SCA_DASH_SeA_m,Succinate semialdehyde,,,
Gln_m,Glutamine,,,
Thr_c,Threonine,,,
ACD_c,Acetaldehyde,,,
Gly_c,Glycine,M_gly_c,cpd00033,gly
GLX_h,Glyoxylate,M_glx_h,cpd00040,glx
H2O2_h,Hydrogen peroxide,M_h2o2_h,cpd00025,h2o2
Gly_h,Glycine,M_gly_h,cpd00033,gly
PR_DASH_ATP_h,5-Phosphoribosyl-ATP,,,
PR_DASH_AMP_h,5-Phosphoribosyl-AMP,,,
P_DASH_AICAR_DASH_P_h,1-(5-Phosphoribosyl)-5-[(5-phosphoribosylamino)methylideneamino]imidazole-4-carboxamide,,,
Pu_DASH_AICAR_DASH_P_h,5-[(5-phospho-1-deoxyribulos-1-ylamino)methylideneamino]-1-(5-phosphoribosyl)imidazole-4-carboxamide,,,
EIGP_h,Erythro-1-imidazol-4-glycerol 3-phosphate,,,
AICAR_h,5-Amino-1-(5-Phospho-D-ribosyl)imidazole-4-carboxamide,M_aicar_h,cpd02851,aicar
IA_DASH_P_h,Imidazole acetol-phosphate,,,
Hisol_DASH_P_h,Histidinol phosphate,,,
Hisol_h,Histidinol,,,
Hisal_h,Histidinal,,,
His_h,Histidine,,,
Thr_h,Threonine,,,
OB_h,2-Oxobutanoate,,,
ThPP_h,"ThPP, Thiamine pyrophosphate",,,
H_DASH_Eth_DASH_ThPP_h,2-(alpha-Hydroxyethyl)thiamine diphosphate,,,
AHB_h,2-Aceto-2-hydroxybutanoate,,,
DHMP_h,"2,3-Dihydroxy-3-methylpentanoate",,,
MOP_h,3-Methyl-2-oxopentanoate,,,
Ile_h,Isoleucine,,,
AL_h,2-Acetolactate,,,
DHMB_h,"2,3-Dihydroxy-3-methylbutanoate",,,
MOB_h,3-Methyl-2-oxobutanoate,,,
2IPM_h,2-Isopropylmalate,,,
IPM_h,2-Isopropylmaleate,,,
3IPM_h,3-Isopropylmalate,,,
IPO_h,2-Isopropyl-3-oxosuccinate,,,
4MOP_h,4-Methyl-2-oxopentanoate,M_4mop_h,cpd00200,4mop
Leu_h,Leucine,,,
AspP_h,Aspartyl-4-phosphate,,,
Asp_DASH_SeA_h,Aspartate 4-semialdehyde,,,
DHD_h,"2,3-Dihydrodipicolinate",,,
THD_h,"2,3,4,5-Tetrahydrodipicolinate",,,
DAP_h,Diaminopimelate,,,
mDAP_h,meso-Diaminopimelate,,,
Lys_h,Lysine,,,
H_DASH_Ser_h,Homoserine,,,
PH_DASH_Ser_h,O-Phosphohomoserine,,,
CTH_h,Cystathionine,,,
H_DASH_Cys_h,Homocysteine,,,
M_DASH_THF_c,"5,10-Methylenetetrahydrofolate",,,
5M_DASH_THF_c,5-Methyltetrahydrofolate,,,
H_DASH_Cys_c,Homocysteine,,,
Met_c,Methionine,,,
aMet_c,Adenosylmethionine,M_amet_c,cpd00017,amet
aH_DASH_Cys_c,Adenosylhomocysteine,,,
PRE_h,Prephenate,,,
AGN_h,Arogenate,,,
Phe_h,Phenylalanine,,,
Arg_m,Arginine,,,
Orn_m,Ornithine,M_orn_m,cpd00064,orn
urea_m,Urea,M_urea_m,cpd00073,urea
Glu_DASH_SeA_m,Glutamate 5-semialdehyde,,,
GluP_c,Glutamate 5-phosphate,,,
GluP_h,Glutamate 5-phosphate,,,
GluP_m,Glutamate 5-phosphate,,,
Glu_DASH_SeA_c,Glutamate 5-semialdehyde,,,
Glu_DASH_SeA_h,Glutamate 5-semialdehyde,,,
P5C_c,1-Pyrroline-5-carboxylate,,,
P5C_h,1-Pyrroline-5-carboxylate,,,
P5C_m,1-Pyrroline-5-carboxylate,,,
Pro_c,Proline,,,
Pro_m,Proline,,,
P_DASH_HPR_h,3-Phosphohydroxypyruvate,,,
PSer_h,O-Phosphoserine,,,
ANT_h,Anthranilate,,,
PR_DASH_ANT_h,5-Phosphoribosyl-anthranilate,,,
CPD_DASH_Ru5P_h,1-(2-Carboxyphenylamino)-1-deoxy-D-ribulose 5-phosphate,,,
Ind_DASH_GP_h,Indole-glycerol 3-phosphate,,,
Ind_h,Indole,,,
Trp_h,Tryptophan,,,
Tyr_h,Tyrosine,,,
Val_h,Valine,,,
PRA_h,5-Phospho-beta-D-ribosylamine,,,
GAR_h,5-Phospho-D-ribosylglycineamide,M_gar_h,cpd02394,gar
FGAR_h,5-Phospho-D-ribosyl-N-formylglycineamide,,,
FGAM_h,5-Phospho-D-ribosyl-N-formylglycineamidine,M_fgam_h,cpd02678,fgam
AIR_h,5-Aminoimidazole ribonucleotide,M_air_h,cpd02140,air
CAIR_h,4-Carboxyaminoimidazole ribonucleotide,,,
SAICAR_h,1-(5-Phosphoribosyl)-4-(N-succino-carboxamide)-5-aminoimidazole,,,
FAICAR_h,5-phosphoribosyl-5-formamido-4-imidazole carboxamide,,,
IMP_h,Inosine 5-phosphate,M_imp_h,cpd00114,imp
IMP_c,Inosine 5-phosphate,M_imp_c,cpd00114,imp
XMP_c,Xanthosine 5-phosphate,M_xmp_c,cpd00497,xmp
GMP_c,Guanosine 5-phosphate,M_gmp_c,cpd00126,gmp
GTP_h,Guanosine triphosphate,M_gtp_h,cpd00038,gtp
DC_DASH_AMP_h,"N6-(1,2-Dicarboxyethyl)-AMP",,,
GDP_h,Guanosine diphosphate,M_gdp_h,cpd00031,gdp
CB_DASH_Asp_h,N-Carbamoyl-L-aspartate,,,
DHO_h,Dihydroorotate,,,
DHO_m,Dihydroorotate,,,
ORO_m,Orotate,,,
ORO_c,Orotate,,,
OMP_c,Orotidine 5-phosphate,,,
UMP_c,Uridine 5-phosphate,M_ump_c,cpd00091,ump
CTP_c,Cytidine triphosphate,M_ctp_c,cpd00052,ctp
GDP_c,Guanosine diphosphate,M_gdp_c,cpd00031,gdp
CDP_c,Cytidine diphosphate,M_cdp_c,cpd00096,cdp
dADP_c,2-Deoxyadenosine 5-diphosphate,M_dadp_c,cpd00177,dadp
dCDP_c,2-Deoxycytidine 5-diphosphate,M_dcdp_c,cpd00533,dcdp
dGDP_c,2-Deoxyguanosine 5-diphosphate,M_dgdp_c,cpd00295,dgdp
dUDP_c,2-Deoxyuridine 5-diphosphate,M_dudp_c,cpd00978,dudp
dUTP_c,2-Deoxyuridine 5-triphosphate,M_dutp_c,cpd00358,dutp
dUMP_c,2-Deoxyuridine 5-monophosphate,M_dump_c,cpd00299,dump
dTMP_c,2-Deoxythymidine 5-monophosphate,M_dtmp_c,cpd00298,dtmp
dTDP_c,2-Deoxythymidine 5-diphosphate,M_dtdp_c,cpd00297,dtdp
GTP_c,Guanosine triphosphate,M_gtp_c,cpd00038,gtp
dATP_c,2-Deoxyadenosine 5-triphosphate,M_datp_c,cpd00115,datp
dCTP_c,2-Deoxycytidine 5-triphosphate,M_dctp_c,cpd00356,dctp
dGTP_c,2-Deoxyguanosine 5-triphosphate,M_dgtp_c,cpd00241,dgtp
dTTP_c,2-Deoxythymidine 5-triphosphate,M_dttp_c,cpd00357,dttp
SO4_c,Sulfate,M_so4_c,cpd00048,so4
GCA_c,Glycolate,,,
GCEA_c,Glycerate,,,
Ala_c,Alanine,,,
Arg_c,Arginine,,,
Lys_c,Lysine,,,
Lys_m,Lysine,,,
His_m,Histidine,,,
His_c,Histidine,,,
DHO_c,Dihydroorotate,,,
O2_c,"O2, oxygen",M_o2_c,cpd00007,o2
Arg_p,Arginine,,,
Asn_p,Asparagine,,,
Cys_p,Cysteine,,,
Gln_p,Glutamine,,,
His_p,Histidine,,,
Ile_c,Isoleucine,,,
Ile_p,Isoleucine,,,
Leu_c,Leucine,,,
Leu_p,Leucine,,,
Lys_p,Lysine,,,
Met_p,Methionine,,,
Phe_c,Phenylalanine,,,
Phe_p,Phenylalanine,,,
Pro_p,Proline,,,
Thr_p,Threonine,,,
Trp_c,Tryptophan,,,
Trp_p,Tryptophan,,,
Tyr_c,Tyrosine,,,
Tyr_p,Tyrosine,,,
Val_c,Valine,,,
Val_p,Valine,,,
Asn_h,Asparagine,,,
Asn_m,Asparagine,,,
Ile_m,Isoleucine,,,
Leu_m,Leucine,,,
Met_h,Methionine,,,
Met_m,Methionine,,,
Phe_m,Phenylalanine,,,
Pro_h,Proline,,,
Thr_m,Threonine,,,
Trp_m,Tryptophan,,,
Tyr_m,Tyrosine,,,
Val_m,Valine,,,
PQstar_h,Plastoquinone radical,,,
PGR5_PGRL1ox_h,oxidised proton gradient regulation 5 (PGR5)/PGR5-like photosynthetic phenotype 1 (PGRL1) complex,,,
PGR5_PGRL1rd_h,reduced proton gradient regulation 5 (PGR5)/PGR5-like photosynthetic phenotype 1 (PGRL1) complex,,,
NDHox_h,oxidised NADH dehydrogenase-like (NDH) complex,,,
NDHrd_h,reduced NADH dehydrogenase-like (NDH) complex,,,
